{"cameraMode":{"drawMode":0,"name":"Shaded","section":"Shading Mode"},"sceneLighting":true,"audioPlay":false,"sceneViewState":{"m_AlwaysRefresh":false,"showFog":true,"showSkybox":true,"showFlares":true,"showImageEffects":true,"showParticleSystems":true,"showVisualEffectGraphs":true,"m_FxEnabled":true},"in2DMode":false,"pivot":{"x":-0.5060110092163086,"y":-0.8385043144226074,"z":16.20673942565918},"rotation":{"x":-0.009609921835362912,"y":-0.7021506428718567,"z":-0.009480266831815243,"w":0.7119046449661255},"size":1.3400580883026124,"orthographic":false}