{"cameraMode":{"drawMode":0,"name":"Shaded","section":"Shading Mode"},"sceneLighting":false,"audioPlay":false,"sceneViewState":{"m_AlwaysRefresh":false,"showFog":true,"showSkybox":false,"showFlares":true,"showImageEffects":true,"showParticleSystems":true,"showVisualEffectGraphs":true,"m_FxEnabled":true},"in2DMode":false,"pivot":{"x":-0.028514593839645387,"y":-1.16680908203125,"z":35.6558952331543},"rotation":{"x":0.0011367397382855416,"y":-0.786505401134491,"z":0.6176255345344544,"w":0.0014013625914230943},"size":19.813701629638673,"orthographic":false}