{"cameraMode":{"drawMode":0,"name":"Shaded","section":"Shading Mode"},"sceneLighting":false,"audioPlay":false,"sceneViewState":{"m_AlwaysRefresh":false,"showFog":true,"showSkybox":false,"showFlares":true,"showImageEffects":true,"showParticleSystems":true,"showVisualEffectGraphs":true,"m_FxEnabled":true},"in2DMode":false,"pivot":{"x":0.9903078675270081,"y":5.550065040588379,"z":177.4843292236328},"rotation":{"x":-0.23444628715515138,"y":-0.020990639925003053,"z":0.005089656449854374,"w":-0.9719148874282837},"size":3.5513477325439455,"orthographic":false}