{"cameraMode":{"drawMode":0,"name":"Shaded","section":"Shading Mode"},"sceneLighting":false,"audioPlay":false,"sceneViewState":{"m_AlwaysRefresh":false,"showFog":true,"showSkybox":false,"showFlares":true,"showImageEffects":true,"showParticleSystems":true,"showVisualEffectGraphs":true,"m_FxEnabled":true},"in2DMode":false,"pivot":{"x":1.2665855884552003,"y":-33.14419937133789,"z":103.75205993652344},"rotation":{"x":-0.43199992179870608,"y":-0.0032365135848522188,"z":0.00157697475515306,"w":-0.9018951654434204},"size":41.95818328857422,"orthographic":false}